Id	Length	n_alns	n_reads	m_readl	std_readl	md_readl	mo_readl	readl_min	readl_max	m_alnnm	m_alnani	std_alnani	md_alnani	n_covbases	m_cov	breath_cov	exp_breath	breath_ratio	m_covcovered	std_covcovered	evenness_cov	site_density	entropy	gini	n_entropy	n_gini
NW_009276968.1	9712	350	350	74.594284	25.394897	72	71	30	163	0.291428	99.601143	0.021381	100.000000	8986	2.691824	0.925247	0.603567	1.532966	2.909303	1.552590	0.533664	925.247131	2.533471	0.294669	0.844490	0.294702
NW_023502969.1	71706	1089	690	75.788452	24.620924	75	82	30	151	1.697888	97.931007	0.115663	100.000000	47411	1.161576	0.661186	0.483761	1.366761	1.756807	0.972790	0.553726	661.185974	1.706742	0.275099	0.607954	0.275105
NW_015385880.1	712	7	7	72.999992	28.832851	68	41	41	129	0.142857	99.651566	0.153646	100.000000	490	0.717697	0.688202	0.497521	1.383262	1.042857	0.202535	0.194211	688.202271	0.255242	0.039335	0.255242	0.039415
NW_009276969.1	19770	659	659	74.426353	25.749939	72	71	30	163	0.389985	99.485916	0.020056	100.000000	18050	2.483106	0.913000	0.598681	1.525017	2.719723	1.516138	0.557460	912.999512	2.462273	0.303569	0.741218	0.303585
NW_009276970.1	42389	1246	752	74.445465	25.714556	72	68	30	163	0.439807	99.431183	0.054754	100.000000	35778	2.191984	0.844040	0.570030	1.480694	2.597015	1.519175	0.584970	844.039734	2.416656	0.315612	0.727486	0.315621
NW_024066106.1	69606	1355	689	74.933197	25.257416	73	74	30	163	0.349816	99.497597	0.026321	100.000000	53435	1.453783	0.767678	0.535911	1.432474	1.893740	1.042457	0.550475	767.678101	1.842278	0.279769	0.614093	0.279774
NW_023501452.1	28118	445	440	75.624954	25.258257	74	83	30	146	0.842697	98.868660	0.111986	100.000000	19468	1.198734	0.692368	0.499610	1.385816	1.731354	1.020968	0.589694	692.367859	1.691949	0.283239	0.533750	0.283253
NW_015385927.1	579	6	6	79.833328	29.349049	84	34	34	121	0.833333	98.858452	0.559242	100.000000	342	0.827288	0.590674	0.446046	1.324244	1.400585	0.513331	0.366512	590.673584	1.039822	0.177935	0.656055	0.178457
