Id	Length	n_alns	n_reads	m_readl	std_readl	md_readl	mo_readl	readl_min	readl_max	m_alnnm	m_alnani	std_alnani	md_alnani	n_covbases	m_cov	breath_cov	exp_breath	breath_ratio	m_covcovered	std_covcovered	evenness_cov	site_density	entropy	gini	n_entropy	n_gini
NW_003345183.2	23539	399	399	74.726830	24.805435	72	52	30	150	1.526315	98.094826	0.043795	100.000000	16127	1.266834	0.685118	0.495969	1.381372	1.849073	1.060186	0.573361	685.118347	1.814430	0.285487	0.604810	0.285504
NW_003299153.1	21449	384	384	74.872383	25.052568	72	63	30	150	1.591146	97.930840	0.105867	100.000000	14936	1.339643	0.696350	0.501599	1.388260	1.923808	1.135306	0.590135	696.349487	1.898059	0.296572	0.632686	0.296592
NW_021316577.1	39519	506	503	75.294228	26.116219	73	64	30	156	0.808301	98.935471	0.365022	100.000000	24654	0.962803	0.623852	0.464124	1.344150	1.543320	0.771891	0.500150	623.851807	1.417408	0.238729	0.548328	0.238739
NW_020193996.1	23627	232	231	75.580070	27.014833	73	73	30	152	0.137931	99.784729	0.014194	100.000000	12551	0.741398	0.531214	0.412109	1.289013	1.395666	0.674562	0.483326	531.214294	1.192142	0.212256	0.513427	0.212273
NW_003101582.1	34670	372	371	74.948761	25.921820	71	62	30	153	0.475806	99.350868	0.033747	100.000000	18445	0.804788	0.532016	0.412581	1.289484	1.512713	0.755652	0.499534	532.016174	1.373508	0.234570	0.531345	0.234583
NW_020311997.1	78612	975	963	73.745552	24.627670	73	80	30	168	0.548718	99.292664	0.022676	100.000000	45769	0.911502	0.582214	0.441340	1.319196	1.565579	0.860034	0.549339	582.213928	1.469322	0.253790	0.463520	0.253796
NW_003101581.1	8933	97	97	71.371140	24.281046	70	53	30	157	0.319588	99.495682	0.051739	100.000000	4763	0.774992	0.533192	0.413271	1.290175	1.453496	0.756586	0.520529	533.191589	1.290168	0.229517	0.499105	0.229565
NW_003101580.1	7187	86	86	73.779076	27.047848	72	81	31	165	0.488372	99.393860	0.066131	100.000000	3986	0.882983	0.554613	0.425705	1.302809	1.592072	0.884543	0.555592	554.612488	1.495841	0.256922	0.578670	0.256986
NW_021706825.1	22443	314	313	73.894569	24.897839	71	61	30	156	1.181528	98.448059	0.087861	100.000000	14628	1.032393	0.651785	0.478885	1.361046	1.583949	0.803410	0.507220	651.784546	1.472744	0.246172	0.634276	0.246189
